{
    "servers": {
        "backend": {
            "name": "backend",
            "path": "Z:/Dev/etiket/backend",
            "port": "8009",
            "command": "php artisan serve",
            "template_id": "laravel",
            "category": "php",
            "env_vars": {},
            "alternative_commands": [],
            "description": "Backend API MOBILE FLUTTER ETICKET"
        },
        "sso-server": {
            "name": "sso-server",
            "path": "C:/laragon/www/sso-server",
            "port": "8000",
            "command": "php artisan serve",
            "template_id": "laravel",
            "category": "php",
            "env_vars": {},
            "alternative_commands": [],
            "description": ""
        },
        "sso-master": {
            "name": "sso-master",
            "path": "C:/laragon/www/sso-master",
            "port": "8001",
            "command": "php artisan serve",
            "template_id": "laravel",
            "category": "php",
            "env_vars": {},
            "alternative_commands": [],
            "description": ""
        }
    },
    "version": "1.0.0"
}