{
  "last_check": "2025-09-11T13:56:01.551797",
  "update_info": {
    "version": "v1.0.1",
    "download_url": "https://github.com/idpcks/DevServerManager/releases/download/v1.0.1/DevServerManager-v1.0.1-Windows.zip",
    "release_notes": "**Full Changelog**: https://github.com/idpcks/DevServerManager/compare/v1.0.1...v1.0.1\r\nImprove Interfaces:\r\n<img width=\"1918\" height=\"1013\" alt=\"image\" src=\"https://github.com/user-attachments/assets/2eea8bb2-3556-496a-9138-9cc17f02dc07\" />\r\n",
    "published_at": "2025-09-08T06:38:25Z",
    "is_prerelease": false
  }
}