{
  "templates": {
    "laravel": {
      "name": "Laravel PHP Framework",
      "description": "PHP Laravel application server",
      "default_command": "php artisan serve",
      "default_port": 8000,
      "port_flag": "--port",
      "host_flag": "--host",
      "default_host": "127.0.0.1",
      "file_markers": ["artisan", "composer.json"],
      "required_files": ["artisan"],
      "env_file": ".env",
      "health_check_path": "/",
      "category": "php"
    },
    "nodejs_express": {
      "name": "Node.js Express Server",
      "description": "Node.js application with Express framework",
      "default_command": "npm start",
      "default_port": 3000,
      "port_env": "PORT",
      "file_markers": ["package.json", "server.js", "app.js"],
      "required_files": ["package.json"],
      "env_file": ".env",
      "health_check_path": "/",
      "category": "nodejs",
      "alternative_commands": ["node server.js", "node app.js", "npm run dev"]
    },
    "nodejs_nextjs": {
      "name": "Next.js Application",
      "description": "React-based Next.js application",
      "default_command": "npm run dev",
      "default_port": 3000,
      "port_flag": "-p",
      "file_markers": ["next.config.js", "package.json"],
      "required_files": ["package.json"],
      "env_file": ".env.local",
      "health_check_path": "/",
      "category": "nodejs",
      "alternative_commands": ["npx next dev", "yarn dev"]
    },
    "python_django": {
      "name": "Django Python Framework",
      "description": "Python Django web application",
      "default_command": "python manage.py runserver",
      "default_port": 8000,
      "port_inline": true,
      "file_markers": ["manage.py", "requirements.txt"],
      "required_files": ["manage.py"],
      "env_file": ".env",
      "health_check_path": "/",
      "category": "python"
    },
    "python_flask": {
      "name": "Flask Python Framework",
      "description": "Python Flask web application",
      "default_command": "flask run",
      "default_port": 5000,
      "port_flag": "--port",
      "host_flag": "--host",
      "default_host": "127.0.0.1",
      "file_markers": ["app.py", "requirements.txt"],
      "required_files": ["app.py"],
      "env_file": ".env",
      "health_check_path": "/",
      "category": "python",
      "env_vars": {
        "FLASK_APP": "app.py",
        "FLASK_ENV": "development"
      }
    },
    "python_fastapi": {
      "name": "FastAPI Python Framework",
      "description": "Modern Python API framework",
      "default_command": "uvicorn main:app --reload",
      "default_port": 8000,
      "port_flag": "--port",
      "host_flag": "--host",
      "default_host": "127.0.0.1",
      "file_markers": ["main.py", "requirements.txt"],
      "required_files": ["main.py"],
      "env_file": ".env",
      "health_check_path": "/docs",
      "category": "python"
    },
    "go_gin": {
      "name": "Go Gin Framework",
      "description": "Go web application with Gin framework",
      "default_command": "go run main.go",
      "default_port": 8080,
      "port_env": "PORT",
      "file_markers": ["go.mod", "main.go"],
      "required_files": ["go.mod"],
      "env_file": ".env",
      "health_check_path": "/",
      "category": "go",
      "alternative_commands": ["./main", "go build && ./main"]
    },
    "dotnet_core": {
      "name": ".NET Core Application",
      "description": "ASP.NET Core web application",
      "default_command": "dotnet run",
      "default_port": 5000,
      "port_env": "ASPNETCORE_URLS",
      "file_markers": ["*.csproj", "Program.cs"],
      "required_files": ["*.csproj"],
      "env_file": "appsettings.Development.json",
      "health_check_path": "/",
      "category": "dotnet",
      "alternative_commands": ["dotnet watch run"]
    },
    "ruby_rails": {
      "name": "Ruby on Rails",
      "description": "Ruby on Rails web application",
      "default_command": "rails server",
      "default_port": 3000,
      "port_flag": "-p",
      "host_flag": "-b",
      "default_host": "127.0.0.1",
      "file_markers": ["Gemfile", "config/application.rb"],
      "required_files": ["Gemfile"],
      "env_file": ".env",
      "health_check_path": "/",
      "category": "ruby",
      "alternative_commands": ["bundle exec rails server"]
    },
    "static_http": {
      "name": "Static HTTP Server",
      "description": "Simple static file server",
      "default_command": "python -m http.server",
      "default_port": 8000,
      "port_inline": true,
      "file_markers": ["index.html", "*.html"],
      "required_files": [],
      "health_check_path": "/",
      "category": "static",
      "alternative_commands": ["npx serve .", "php -S localhost:8000"]
    },
    "custom": {
      "name": "Custom Server",
      "description": "Custom server configuration",
      "default_command": "",
      "default_port": null,
      "file_markers": [],
      "required_files": [],
      "category": "custom"
    }
  },
  "categories": {
    "php": {
      "name": "PHP",
      "icon": "🐘",
      "color": "#777BB4"
    },
    "nodejs": {
      "name": "Node.js",
      "icon": "🟢",
      "color": "#339933"
    },
    "python": {
      "name": "Python",
      "icon": "🐍",
      "color": "#3776AB"
    },
    "go": {
      "name": "Go",
      "icon": "🔵",
      "color": "#00ADD8"
    },
    "dotnet": {
      "name": ".NET",
      "icon": "🟣",
      "color": "#512BD4"
    },
    "ruby": {
      "name": "Ruby",
      "icon": "💎",
      "color": "#CC342D"
    },
    "static": {
      "name": "Static",
      "icon": "📄",
      "color": "#6C757D"
    },
    "custom": {
      "name": "Custom",
      "icon": "⚙️",
      "color": "#6F42C1"
    }
  }
}